<?xml version="1.0" encoding="UTF-8" standalone="yes"?>
<addon id="repository.lockdown"
       name="lockdown"
       version="1.1.3"
       provider-name="Lockdown_Machine">
    <extension point="xbmc.addon.repository" name="Lockdown Repository">
    <dir>
        <info compressed="false">https://raw.githubusercontent.com/SorryNotSorryNot/lockdown/zips/master/addons.xml</info>
        <checksum>https://raw.githubusercontent.com/SorryNotSorryNot/lockdown/zips/master/addons.xml.md5</checksum>
        <datadir zip="true">https://raw.githubusercontent.com/SorryNotSorryNot/lockdown/master/zips/</datadir>
    </dir>
    <dir>
        <info compressed="false">https://raw.githubusercontent.com/hydem98/addons/master/zips/addons.xml</info>
        <checksum>https://raw.githubusercontent.com/hydem98/addons/master/zips/addons.xml.md5</checksum>
        <datadir zip="true">https://raw.githubusercontent.com/hydem98/addons/master/zips/</datadir>
    </dir>
    <dir>
        <info compressed="false">https://raw.githubusercontent.com/jsergio123/zips/master/addons.xml</info>
        <checksum>https://raw.githubusercontent.com/jsergio123/zips/master/addons.xml.md5</checksum>
        <datadir zip="true">https://raw.githubusercontent.com/jsergio123/zips/master/</datadir>
    </dir>
    <dir>
        <info compressed="false">https://raw.githubusercontent.com/a4k-openproject/repository.openscrapers/master/zips/addons.xml</info>
        <checksum>https://raw.githubusercontent.com/a4k-openproject/repository.openscrapers/master/zips/addons.xml.md5</checksum>
        <datadir zip="true">https://raw.githubusercontent.com/a4k-openproject/repository.openscrapers/master/zips/</datadir>
    </dir>
    <dir>
        <info compressed="false">https://raw.githubusercontent.com/teamuniversal/scrapers/master/_modules4all/zips/addons.xml</info>
        <checksum>https://raw.githubusercontent.com/teamuniversal/scrapers/master/_modules4all/zips/addons.xml.md5</checksum>
        <datadir zip="true">https://raw.githubusercontent.com/teamuniversal/scrapers/master/_modules4all/zips/</datadir>
    </dir>
    </extension>
    <extension point="xbmc.addon.metadata">
        <summary></summary>
        <description></description>
        <platform>all</platform>
    <assets>
        <icon>icon.png</icon>
        <fanart>fanart.jpg</fanart>
    </assets>
    </extension>
</addon>